{
  "project_info": {
    "project_number": "491516326182",
    "firebase_url": "https://phototrip-3e557.firebaseio.com",
    "project_id": "phototrip-3e557",
    "storage_bucket": "phototrip-3e557.appspot.com"
  },
  "client": [
    {
      "client_info": {
        "mobilesdk_app_id": "1:491516326182:android:6e5041f6d305bc0bd191e7",
        "android_client_info": {
          "package_name": "com.mustafakaplan.phototrip"
        }
      },
      "oauth_client": [
        {
          "client_id": "491516326182-vbkh2d9495ao1o0hqv5lnb8e5s61m4u5.apps.googleusercontent.com",
          "client_type": 3
        }
      ],
      "api_key": [
        {
          "current_key": "AIzaSyDS1HJ3JomJwEZLWLAUwW8CcpcD51IwZuU"
        }
      ],
      "services": {
        "appinvite_service": {
          "other_platform_oauth_client": [
            {
              "client_id": "491516326182-vbkh2d9495ao1o0hqv5lnb8e5s61m4u5.apps.googleusercontent.com",
              "client_type": 3
            }
          ]
        }
      }
    }
  ],
  "configuration_version": "1"
}